accuracy,uar,macro_f1
0.27071823204419887,0.25,0.10652173913043478
0.2541436464088398,0.25,0.10222222222222223
