accuracy,uar,macro_f1
0.23756906077348067,0.14195526695526695,0.11336477987421384
0.292817679558011,0.2838383119962067,0.27284078110264026
0.27071823204419887,0.27071823204419887,0.10652173913043478
0.23756906077348067,0.20938474107591756,0.19467200464122772
0.32044198895027626,0.3143032218027304,0.3016045846974729
0.32044198895027626,0.31782199400941374,0.31819632143722937
0.287292817679558,0.31052145895895894,0.2843089952972087
0.281767955801105,0.31291767784700086,0.21262336397915574
